"Product ID";Image;Nom;Référence;Catégorie;"Montant HT";"Montant TTC";Quantité;État;Position
13448;https://gti-sodifac.com/24745/product.jpg;"TAPIS SUR MESURE ELITE 2 avants Noir";EL001N;"Tapis sur mesure à la commande";0.000000;0;993;0
13449;https://gti-sodifac.com/24746/product.jpg;"TAPIS SUR MESURE ELITE 2 avants Gris";EL001G;"Tapis sur mesure à la commande";0.000000;0;997;0
13450;https://gti-sodifac.com//product.jpg;"TAPIS SUR MESURE ELITE 2 avants Vert";EL001V;"Tapis sur mesure à la commande";0.000000;0;999;0
13451;https://gti-sodifac.com/24747/product.jpg;"TAPIS SUR MESURE ELITE 2 avants Beige";EL001BG;"Tapis sur mesure à la commande";0.000000;0;997;0
13452;https://gti-sodifac.com/24748/product.jpg;"TAPIS SUR MESURE ELITE 2 avants Rouge";EL001R;"Tapis sur mesure à la commande";0.000000;0;995;0
13453;https://gti-sodifac.com/24749/product.jpg;"TAPIS SUR MESURE ELITE 2 avants Bleu";EL001BL;"Tapis sur mesure à la commande";0.000000;0;999;0
13454;https://gti-sodifac.com/24750/product.jpg;"TAPIS SUR MESURE ELITE 2 avants Marron";EL001M;"Tapis sur mesure à la commande";0.000000;0;999;0
13455;https://gti-sodifac.com/24751/product.jpg;"TAPIS SUR MESURE ELITE 2 avants Bleu Marine";EL001BM;"Tapis sur mesure à la commande";0.000000;0;995;0
13456;https://gti-sodifac.com/24752/product.jpg;"TAPIS SUR MESURE ELITE 2avts+arrière Noir";EL002N;"Tapis sur mesure à la commande";0.000000;0;988;0
13457;https://gti-sodifac.com/24753/product.jpg;"TAPIS SUR MESURE ELITE 2avts+arrière Gris";EL002G;"Tapis sur mesure à la commande";0.000000;0;991;0
13458;https://gti-sodifac.com/24577/product.jpg;"TAPIS SUR MESURE ELITE 2avts+arrière Vert";EL002V;"Tapis sur mesure à la commande";0.000000;0;999;0
13459;https://gti-sodifac.com/24754/product.jpg;"TAPIS SUR MESURE ELITE 2avts+arrière Beige";EL002BG;"Tapis sur mesure à la commande";0.000000;0;986;0
13460;https://gti-sodifac.com/24755/product.jpg;"TAPIS SUR MESURE ELITE 2avts+arrière Rouge";EL002R;"Tapis sur mesure à la commande";0.000000;0;988;0
13461;https://gti-sodifac.com/24756/product.jpg;"TAPIS SUR MESURE ELITE 2avts+arrière Bleu";EL002BL;"Tapis sur mesure à la commande";0.000000;0;999;0
13462;https://gti-sodifac.com/24757/product.jpg;"TAPIS SUR MESURE ELITE 2avts+arrière Marron";EL002M;"Tapis sur mesure à la commande";0.000000;0;994;0
13463;https://gti-sodifac.com/24758/product.jpg;"TAPIS SUR MESURE ELITE 2avts+arrière Bleu Marine";EL002BM;"Tapis sur mesure à la commande";0.000000;0;987;0
13464;https://gti-sodifac.com/24759/product.jpg;"TAPIS SUR MESURE ELITE 2avts+arr+coffr Noir";EL003N;"Tapis sur mesure à la commande";0.000000;0;999;0
13465;https://gti-sodifac.com/24760/product.jpg;"TAPIS SUR MESURE ELITE 2avts+arr+coffr Gris";EL003G;"Tapis sur mesure à la commande";0.000000;0;999;0
13466;https://gti-sodifac.com/24585/product.jpg;"TAPIS SUR MESURE ELITE 2avts+arr+coffr Vert";EL003V;"Tapis sur mesure à la commande";0.000000;0;999;0
13467;https://gti-sodifac.com/24761/product.jpg;"TAPIS SUR MESURE ELITE 2avts+arr+coffr Beige";EL003BG;"Tapis sur mesure à la commande";0.000000;0;999;0
13468;https://gti-sodifac.com/24762/product.jpg;"TAPIS SUR MESURE ELITE 2avts+arr+coffr Rouge";EL003R;"Tapis sur mesure à la commande";0.000000;0;999;0
13469;https://gti-sodifac.com/24588/product.jpg;"TAPIS SUR MESURE ELITE 2avts+arr+coffr Bleu";EL003BL;"Tapis sur mesure à la commande";0.000000;0;999;0
13470;https://gti-sodifac.com/24763/product.jpg;"TAPIS SUR MESURE ELITE 2avts+arr+coffr Marron";EL003M;"Tapis sur mesure à la commande";0.000000;0;999;0
13471;https://gti-sodifac.com/24764/product.jpg;"TAPIS SUR MESURE ELITE 2avts+arr+coffr Bleu Marine";EL003BM;"Tapis sur mesure à la commande";0.000000;0;999;0
13472;https://gti-sodifac.com/24765/product.jpg;"TAPIS SUR MESURE ELITE COFFRE Noir";EL004N;"Tapis sur mesure à la commande";0.000000;0;992;0
13473;https://gti-sodifac.com/24766/product.jpg;"TAPIS SUR MESURE ELITE COFFRE Gris";EL004G;"Tapis sur mesure à la commande";0.000000;0;994;0
13474;https://gti-sodifac.com/24593/product.jpg;"TAPIS SUR MESURE ELITE COFFRE Vert";EL004V;"Tapis sur mesure à la commande";0.000000;0;999;0
13475;https://gti-sodifac.com/24767/product.jpg;"TAPIS SUR MESURE ELITE COFFRE Beige";EL004BG;"Tapis sur mesure à la commande";0.000000;0;992;0
13476;https://gti-sodifac.com/24768/product.jpg;"TAPIS SUR MESURE ELITE COFFRE Rouge";EL004R;"Tapis sur mesure à la commande";0.000000;0;997;0
13477;https://gti-sodifac.com/24596/product.jpg;"TAPIS SUR MESURE ELITE COFFRE Bleu";EL004BL;"Tapis sur mesure à la commande";0.000000;0;999;0
13478;https://gti-sodifac.com/24769/product.jpg;"TAPIS SUR MESURE ELITE COFFRE Marron";EL004M;"Tapis sur mesure à la commande";0.000000;0;999;0
13479;https://gti-sodifac.com/24770/product.jpg;"TAPIS SUR MESURE ELITE COFFRE Bleu Marine";EL004BM;"Tapis sur mesure à la commande";0.000000;0;997;0
13480;https://gti-sodifac.com/24771/product.jpg;"TAPIS SUR MESURE ELITE 7P 2avts+1ère rangée Noir";EL005N;"Tapis sur mesure à la commande";0.000000;0;999;0
13481;https://gti-sodifac.com/24772/product.jpg;"TAPIS SUR MESURE ELITE 7P 2avts+1ère rangée Gris";EL005G;"Tapis sur mesure à la commande";0.000000;0;999;0
13482;https://gti-sodifac.com/24601/product.jpg;"TAPIS SUR MESURE ELITE 7P 2avts+1ère rangée Vert";EL005V;"Tapis sur mesure à la commande";0.000000;0;999;0
13483;https://gti-sodifac.com/24773/product.jpg;"TAPIS SUR MESURE ELITE 7P 2avts+1ère rangée Beige";EL005BG;"Tapis sur mesure à la commande";0.000000;0;999;0
13484;https://gti-sodifac.com/24774/product.jpg;"TAPIS SUR MESURE ELITE 7P 2avts+1ère rangée Rouge";EL005R;"Tapis sur mesure à la commande";0.000000;0;999;0
13485;https://gti-sodifac.com/24604/product.jpg;"TAPIS SUR MESURE ELITE 7P 2avts+1ère rangée Bleu";EL005BL;"Tapis sur mesure à la commande";0.000000;0;999;0
13486;https://gti-sodifac.com/24775/product.jpg;"TAPIS SUR MESURE ELITE 7P 2avts+1ère rangée Marron";EL005M;"Tapis sur mesure à la commande";0.000000;0;999;0
13487;https://gti-sodifac.com/24776/product.jpg;"TAPIS SUR MESURE ELITE 7P 2avts+1ère rangée Bleu Marine";EL005BM;"Tapis sur mesure à la commande";0.000000;0;999;0
13488;https://gti-sodifac.com/24777/product.jpg;"TAPIS SUR MESURE ELITE 7P avts+arr 1+arr 2 Noir";EL006N;"Tapis sur mesure à la commande";0.000000;0;999;0
13489;https://gti-sodifac.com/24778/product.jpg;"TAPIS SUR MESURE ELITE 7P avts+arr 1+arr 2 Gris";EL006G;"Tapis sur mesure à la commande";0.000000;0;999;0
13490;https://gti-sodifac.com/24609/product.jpg;"TAPIS SUR MESURE ELITE 7P avts+arr 1+arr 2 Vert";EL006V;"Tapis sur mesure à la commande";0.000000;0;999;0
13491;https://gti-sodifac.com/24779/product.jpg;"TAPIS SUR MESURE ELITE 7P avts+arr 1+arr 2 Beige";EL006BG;"Tapis sur mesure à la commande";0.000000;0;999;0
13492;https://gti-sodifac.com/24780/product.jpg;"TAPIS SUR MESURE ELITE 7P avts+arr 1+arr 2 Rouge";EL006R;"Tapis sur mesure à la commande";0.000000;0;999;0
13493;https://gti-sodifac.com/24612/product.jpg;"TAPIS SUR MESURE ELITE 7P avts+arr 1+arr 2 Bleu";EL006BL;"Tapis sur mesure à la commande";0.000000;0;999;0
13494;https://gti-sodifac.com/24781/product.jpg;"TAPIS SUR MESURE ELITE 7P avts+arr 1+arr 2 Marron";EL006M;"Tapis sur mesure à la commande";0.000000;0;999;0
13495;https://gti-sodifac.com/24782/product.jpg;"TAPIS SUR MESURE ELITE 7P avts+arr 1+arr 2 Bleu Marine";EL006BM;"Tapis sur mesure à la commande";0.000000;0;999;0
13496;https://gti-sodifac.com/24783/product.jpg;"TAPIS SUR MESURE ELITE 2P Avt+coffre Noir";EL007N;"Tapis sur mesure à la commande";0.000000;0;999;0
13497;https://gti-sodifac.com/24784/product.jpg;"TAPIS SUR MESURE ELITE 2P Avt+coffre Gris";EL007G;"Tapis sur mesure à la commande";0.000000;0;999;0
13498;https://gti-sodifac.com/24617/product.jpg;"TAPIS SUR MESURE ELITE 2P Avt+coffre Vert";EL007V;"Tapis sur mesure à la commande";0.000000;0;999;0
13499;https://gti-sodifac.com/24785/product.jpg;"TAPIS SUR MESURE ELITE 2P Avt+coffre Beige";EL007BG;"Tapis sur mesure à la commande";0.000000;0;999;0
13500;https://gti-sodifac.com/24786/product.jpg;"TAPIS SUR MESURE ELITE 2P Avt+coffre Rouge";EL007R;"Tapis sur mesure à la commande";0.000000;0;999;0
13501;https://gti-sodifac.com/24620/product.jpg;"TAPIS SUR MESURE ELITE 2P Avt+coffre Bleu";EL007BL;"Tapis sur mesure à la commande";0.000000;0;999;0
13502;https://gti-sodifac.com/24787/product.jpg;"TAPIS SUR MESURE ELITE 2P Avt+coffre Marron";EL007M;"Tapis sur mesure à la commande";0.000000;0;999;0
13503;https://gti-sodifac.com/24788/product.jpg;"TAPIS SUR MESURE ELITE 2P Avt+coffre Bleu Marine";EL007BM;"Tapis sur mesure à la commande";0.000000;0;999;0
13504;https://gti-sodifac.com/24789/product.jpg;"TAPIS SUR MESURE ELITE J. AVANT MONO&P. UTILI. Noir";EL008N;"Tapis sur mesure à la commande";0.000000;0;999;0
13505;https://gti-sodifac.com/24790/product.jpg;"TAPIS SUR MESURE ELITE J. AVANT MONO&P. UTILI. Gris";EL008G;"Tapis sur mesure à la commande";0.000000;0;999;0
13506;https://gti-sodifac.com/24625/product.jpg;"TAPIS SUR MESURE ELITE J. AVANT MONO&P. UTILI. Vert";EL008V;"Tapis sur mesure à la commande";0.000000;0;999;0
13507;https://gti-sodifac.com/24791/product.jpg;"TAPIS SUR MESURE ELITE J. AVANT MONO&P. UTILI. Beige";EL008BG;"Tapis sur mesure à la commande";0.000000;0;999;0
13508;https://gti-sodifac.com/24792/product.jpg;"TAPIS SUR MESURE ELITE J. AVANT MONO&P. UTILI. Rouge";EL008R;"Tapis sur mesure à la commande";0.000000;0;999;0
13509;https://gti-sodifac.com/24628/product.jpg;"TAPIS SUR MESURE ELITE J. AVANT MONO&P. UTILI. Bleu";EL008BL;"Tapis sur mesure à la commande";0.000000;0;999;0
13510;https://gti-sodifac.com/24793/product.jpg;"TAPIS SUR MESURE ELITE J. AVANT MONO&P. UTILI. Marron";EL008M;"Tapis sur mesure à la commande";0.000000;0;999;0
13511;https://gti-sodifac.com/24794/product.jpg;"TAPIS SUR MESURE ELITE J. AV MONO&P.UTILI. Bleu Marine";EL008BM;"Tapis sur mesure à la commande";0.000000;0;999;0
13512;https://gti-sodifac.com/24795/product.jpg;"TAPIS SUR MESURE ELITE 7P Complet Noir";EL009N;"Tapis sur mesure à la commande";0.000000;0;999;0
13513;https://gti-sodifac.com/24796/product.jpg;"TAPIS SUR MESURE ELITE 7P Complet Gris";EL009G;"Tapis sur mesure à la commande";0.000000;0;999;0
13514;https://gti-sodifac.com/24633/product.jpg;"TAPIS SUR MESURE ELITE 7P Complet Vert";EL009V;"Tapis sur mesure à la commande";0.000000;0;999;0
13515;https://gti-sodifac.com/24797/product.jpg;"TAPIS SUR MESURE ELITE 7P Complet Beige";EL009BG;"Tapis sur mesure à la commande";0.000000;0;999;0
13516;https://gti-sodifac.com/24798/product.jpg;"TAPIS SUR MESURE ELITE 7P Complet Rouge";EL009R;"Tapis sur mesure à la commande";0.000000;0;999;0
13517;https://gti-sodifac.com/24636/product.jpg;"TAPIS SUR MESURE ELITE 7P Complet Bleu";EL009BL;"Tapis sur mesure à la commande";0.000000;0;999;0
13518;https://gti-sodifac.com/24799/product.jpg;"TAPIS SUR MESURE ELITE 7P Complet Marron";EL009M;"Tapis sur mesure à la commande";0.000000;0;999;0
13519;https://gti-sodifac.com/24800/product.jpg;"TAPIS SUR MESURE ELITE 7P Complet Bleu Marine";EL009BM;"Tapis sur mesure à la commande";0.000000;0;999;0
