référence;image
EL001N;https://gti-sodifac.com/24745/product.jpg
EL001G;https://gti-sodifac.com/24746/product.jpg
EL001V;https://gti-sodifac.com//product.jpg
EL001BG;https://gti-sodifac.com/24747/product.jpg
EL001R;https://gti-sodifac.com/24748/product.jpg
EL001BL;https://gti-sodifac.com/24749/product.jpg
EL001M;https://gti-sodifac.com/24750/product.jpg
EL001BM;https://gti-sodifac.com/24751/product.jpg
EL002N;https://gti-sodifac.com/24752/product.jpg
EL002G;https://gti-sodifac.com/24753/product.jpg
EL002V;https://gti-sodifac.com/24577/product.jpg
EL002BG;https://gti-sodifac.com/24754/product.jpg
EL002R;https://gti-sodifac.com/24755/product.jpg
EL002BL;https://gti-sodifac.com/24756/product.jpg
EL002M;https://gti-sodifac.com/24757/product.jpg
EL002BM;https://gti-sodifac.com/24758/product.jpg
EL003N;https://gti-sodifac.com/24759/product.jpg
EL003G;https://gti-sodifac.com/24760/product.jpg
EL003V;https://gti-sodifac.com/24585/product.jpg
EL003BG;https://gti-sodifac.com/24761/product.jpg
EL003R;https://gti-sodifac.com/24762/product.jpg
EL003BL;https://gti-sodifac.com/24588/product.jpg
EL003M;https://gti-sodifac.com/24763/product.jpg
EL003BM;https://gti-sodifac.com/24764/product.jpg
EL004N;https://gti-sodifac.com/24765/product.jpg
EL004G;https://gti-sodifac.com/24766/product.jpg
EL004V;https://gti-sodifac.com/24593/product.jpg
EL004BG;https://gti-sodifac.com/24767/product.jpg
EL004R;https://gti-sodifac.com/24768/product.jpg
EL004BL;https://gti-sodifac.com/24596/product.jpg
EL004M;https://gti-sodifac.com/24769/product.jpg
EL004BM;https://gti-sodifac.com/24770/product.jpg
EL005N;https://gti-sodifac.com/24771/product.jpg
EL005G;https://gti-sodifac.com/24772/product.jpg
EL005V;https://gti-sodifac.com/24601/product.jpg
EL005BG;https://gti-sodifac.com/24773/product.jpg
EL005R;https://gti-sodifac.com/24774/product.jpg
EL005BL;https://gti-sodifac.com/24604/product.jpg
EL005M;https://gti-sodifac.com/24775/product.jpg
EL005BM;https://gti-sodifac.com/24776/product.jpg
EL006N;https://gti-sodifac.com/24777/product.jpg
EL006G;https://gti-sodifac.com/24778/product.jpg
EL006V;https://gti-sodifac.com/24609/product.jpg
EL006BG;https://gti-sodifac.com/24779/product.jpg
EL006R;https://gti-sodifac.com/24780/product.jpg
EL006BL;https://gti-sodifac.com/24612/product.jpg
EL006M;https://gti-sodifac.com/24781/product.jpg
EL006BM;https://gti-sodifac.com/24782/product.jpg
EL007N;https://gti-sodifac.com/24783/product.jpg
EL007G;https://gti-sodifac.com/24784/product.jpg
EL007V;https://gti-sodifac.com/24617/product.jpg
EL007BG;https://gti-sodifac.com/24785/product.jpg
EL007R;https://gti-sodifac.com/24786/product.jpg
EL007BL;https://gti-sodifac.com/24620/product.jpg
EL007M;https://gti-sodifac.com/24787/product.jpg
EL007BM;https://gti-sodifac.com/24788/product.jpg
EL008N;https://gti-sodifac.com/24789/product.jpg
EL008G;https://gti-sodifac.com/24790/product.jpg
EL008V;https://gti-sodifac.com/24625/product.jpg
EL008BG;https://gti-sodifac.com/24791/product.jpg
EL008R;https://gti-sodifac.com/24792/product.jpg
EL008BL;https://gti-sodifac.com/24628/product.jpg
EL008M;https://gti-sodifac.com/24793/product.jpg
EL008BM;https://gti-sodifac.com/24794/product.jpg
EL009N;https://gti-sodifac.com/24795/product.jpg
EL009G;https://gti-sodifac.com/24796/product.jpg
EL009V;https://gti-sodifac.com/24633/product.jpg
EL009BG;https://gti-sodifac.com/24797/product.jpg
EL009R;https://gti-sodifac.com/24798/product.jpg
EL009BL;https://gti-sodifac.com/24636/product.jpg
EL009M;https://gti-sodifac.com/24799/product.jpg
EL009BM;https://gti-sodifac.com/24800/product.jpg
GT001N;https://gti-sodifac.com/24700/product.jpg
GT001G;https://gti-sodifac.com/24701/product.jpg
GT001BG;https://gti-sodifac.com/24703/product.jpg
GT001BL;https://gti-sodifac.com/24702/product.jpg
GT002N;https://gti-sodifac.com/24704/product.jpg
GT002G;https://gti-sodifac.com/24705/product.jpg
GT002BG;https://gti-sodifac.com/24707/product.jpg
GT002BL;https://gti-sodifac.com/24706/product.jpg
GT003N;https://gti-sodifac.com/24709/product.jpg
GT003G;https://gti-sodifac.com/24710/product.jpg
GT003BG;https://gti-sodifac.com/24712/product.jpg
GT003BL;https://gti-sodifac.com/24711/product.jpg
GT004N;https://gti-sodifac.com/24713/product.jpg
GT004G;https://gti-sodifac.com/24714/product.jpg
GT004BG;https://gti-sodifac.com/24716/product.jpg
GT004BL;https://gti-sodifac.com/24715/product.jpg
GT005N;https://gti-sodifac.com/24717/product.jpg
GT005G;https://gti-sodifac.com/24718/product.jpg
GT005BG;https://gti-sodifac.com/24720/product.jpg
GT005BL;https://gti-sodifac.com/24719/product.jpg
GT006N;https://gti-sodifac.com/24721/product.jpg
GT006G;https://gti-sodifac.com/24722/product.jpg
GT006BG;https://gti-sodifac.com/24724/product.jpg
GT006BL;https://gti-sodifac.com/24723/product.jpg
GT007N;https://gti-sodifac.com/24725/product.jpg
GT007G;https://gti-sodifac.com/24727/product.jpg
GT007BG;https://gti-sodifac.com/24728/product.jpg
GT007BL;https://gti-sodifac.com/24726/product.jpg
GT008N;https://gti-sodifac.com/24729/product.jpg
GT008G;https://gti-sodifac.com/24730/product.jpg
GT008BG;https://gti-sodifac.com/24732/product.jpg
GT008BL;https://gti-sodifac.com/24731/product.jpg
GT009N;https://gti-sodifac.com/24733/product.jpg
GT009G;https://gti-sodifac.com/24734/product.jpg
GT009BG;https://gti-sodifac.com/24736/product.jpg
GT009BL;https://gti-sodifac.com/24735/product.jpg
GT010N;https://gti-sodifac.com/24737/product.jpg
GT010G;https://gti-sodifac.com/24738/product.jpg
GT010BG;https://gti-sodifac.com/24740/product.jpg
GT010BL;https://gti-sodifac.com/24739/product.jpg
GT011N;https://gti-sodifac.com/24741/product.jpg
GT011G;https://gti-sodifac.com/24742/product.jpg
GT011BG;https://gti-sodifac.com/24744/product.jpg
GT011BL;https://gti-sodifac.com/24743/product.jpg
PR001N;https://gti-sodifac.com/24670/product.jpg
PR001G;https://gti-sodifac.com/24671/product.jpg
PR001BG;https://gti-sodifac.com/24672/product.jpg
PR002N;https://gti-sodifac.com/24673/product.jpg
PR002G;https://gti-sodifac.com/24674/product.jpg
PR002BG;https://gti-sodifac.com/24675/product.jpg
PR003N;https://gti-sodifac.com/24676/product.jpg
PR003G;https://gti-sodifac.com/24677/product.jpg
PR003BG;https://gti-sodifac.com/24678/product.jpg
PR004N;https://gti-sodifac.com/24679/product.jpg
PR004G;https://gti-sodifac.com/24680/product.jpg
PR004BG;https://gti-sodifac.com/24681/product.jpg
PR005N;https://gti-sodifac.com/24682/product.jpg
PR005G;https://gti-sodifac.com/24683/product.jpg
PR005BG;https://gti-sodifac.com/24684/product.jpg
PR006N;https://gti-sodifac.com/24685/product.jpg
PR006G;https://gti-sodifac.com/24686/product.jpg
PR006BG;https://gti-sodifac.com/24687/product.jpg
PR007N;https://gti-sodifac.com/24688/product.jpg
PR007G;https://gti-sodifac.com/24689/product.jpg
PR007BG;https://gti-sodifac.com/24690/product.jpg
PR008N;https://gti-sodifac.com/24691/product.jpg
PR008G;https://gti-sodifac.com/24692/product.jpg
PR008BG;https://gti-sodifac.com/24693/product.jpg
PR009N;https://gti-sodifac.com/24694/product.jpg
PR009G;https://gti-sodifac.com/24695/product.jpg
PR009BG;https://gti-sodifac.com/24696/product.jpg
PR010N;https://gti-sodifac.com/24697/product.jpg
PR010G;https://gti-sodifac.com/24698/product.jpg
PR010BG;https://gti-sodifac.com/24699/product.jpg
CA001G;https://gti-sodifac.com/24801/product.jpg
CA001B;https://gti-sodifac.com/24802/product.jpg
CA001R;https://gti-sodifac.com/24803/product.jpg
CA002G;https://gti-sodifac.com/24804/product.jpg
CA002B;https://gti-sodifac.com/24805/product.jpg
CA002R;https://gti-sodifac.com/24806/product.jpg
CA003G;https://gti-sodifac.com/24807/product.jpg
CA003B;https://gti-sodifac.com/24808/product.jpg
CA003R;https://gti-sodifac.com/24809/product.jpg
CA004G;https://gti-sodifac.com/24810/product.jpg
CA004B;https://gti-sodifac.com/24811/product.jpg
CA004R;https://gti-sodifac.com/24812/product.jpg
CA005G;https://gti-sodifac.com/24813/product.jpg
CA005B;https://gti-sodifac.com/24814/product.jpg
CA005R;https://gti-sodifac.com/24815/product.jpg
CA006G;https://gti-sodifac.com/24816/product.jpg
CA006B;https://gti-sodifac.com/24817/product.jpg
CA006R;https://gti-sodifac.com/24818/product.jpg
CA007G;https://gti-sodifac.com/24819/product.jpg
CA007B;https://gti-sodifac.com/24820/product.jpg
CA007R;https://gti-sodifac.com/24821/product.jpg
CA008G;https://gti-sodifac.com/24822/product.jpg
CA008B;https://gti-sodifac.com/24824/product.jpg
CA008R;https://gti-sodifac.com/24825/product.jpg
CA009G;https://gti-sodifac.com/24826/product.jpg
CA009B;https://gti-sodifac.com/24827/product.jpg
CA009R;https://gti-sodifac.com/24828/product.jpg
